﻿[
    {
        "filename":  "New folder (3)/assets/extracted/images/Aspose.Words.f341fd55-28f7-4238-ae34-7100e34c5b31.001.png",
        "width":  816,
        "height":  1056,
        "aspect_ratio":  0.7727,
        "format":  "[ImageFormat: b96b3caf-0728-11d3-9d7b-0000f81ef32e]",
        "referenced_in":  {

                          }
    },
    {
        "filename":  "New folder (3)/backups/originals/assets/extracted/images/Aspose.Words.f341fd55-28f7-4238-ae34-7100e34c5b31.001.png",
        "width":  816,
        "height":  1056,
        "aspect_ratio":  0.7727,
        "format":  "[ImageFormat: b96b3caf-0728-11d3-9d7b-0000f81ef32e]",
        "referenced_in":  {

                          }
    },
    {
        "filename":  "New folder (3)/backups/originals/backups/originals/hill-or-no-shill-logo.png",
        "width":  1000,
        "height":  250,
        "aspect_ratio":  4,
        "format":  "[ImageFormat: b96b3caf-0728-11d3-9d7b-0000f81ef32e]",
        "referenced_in":  {

                          }
    },
    {
        "filename":  "New folder (3)/backups/originals/hill-or-no-shill-logo.png",
        "width":  1000,
        "height":  250,
        "aspect_ratio":  4,
        "format":  "[ImageFormat: b96b3caf-0728-11d3-9d7b-0000f81ef32e]",
        "referenced_in":  {

                          }
    },
    {
        "filename":  "New folder (3)/hill-or-no-shill-logo.png",
        "width":  1000,
        "height":  250,
        "aspect_ratio":  4,
        "format":  "[ImageFormat: b96b3caf-0728-11d3-9d7b-0000f81ef32e]",
        "referenced_in":  {

                          }
    }
]
